{"default_dataset": "train5", "datasets": {"train5": {"labels": ["negative", "neutral", "positive"], "display_name": "Train5 Corpus", "models": {"naive bayes": {"accuracy": 0.7410242587601077, "precision": [0.7011057380893693, 0.7050303401908927, 0.7904281552512563], "recall": [0.8396401853366845, 0.5663865546218487, 0.7527211943142056], "f1": [0.7641210843960571, 0.6280596604298309, 0.7710919546513934], "confusion": [[7566, 411, 1034], [1047, 3370, 1533], [2180, 1001, 9683]]}, "svm": {"accuracy": 0.7840071877807727, "precision": [0.792447232180043, 0.6871071706705807, 0.8197745432725178], "recall": [0.8087903192545658, 0.6452100840336134, 0.8308459544292658], "f1": [0.800517825708242, 0.6653584593193722, 0.8252543349806775], "confusion": [[7288, 653, 1070], [831, 3839, 1280], [1078, 1098, 10688]]}, "vader": {"accuracy": 0.739874213836478, "precision": [0.888531978909126, 0.505852694023622, 0.7848812093734181], "recall": [0.7052508367174454, 0.6068907563025211, 0.8256375121717996], "f1": [0.7863019438631677, 0.5517727524900365, 0.8047180521042223], "confusion": [[6355, 1778, 878], [305, 3611, 2034], [493, 1750, 10621]]}}}, "news": {"labels": ["negative", "neutral", "positive"], "display_name": "News Corpus", "models": {"naive bayes": {"accuracy": 0.4666666666666666, "precision": [0.4666666666666666, 0.36666666666666664, 0.0], "recall": [0.8, 0.6, 0.0], "f1": [0.5666666666666667, 0.4333333333333333, 0.0], "confusion": [[4, 1, 0], [1, 3, 1], [3, 2, 0]]}, "svm": {"accuracy": 0.4666666666666666, "precision": [0.4, 0.4666666666666666, 0.0], "recall": [0.6, 0.8, 0.0], "f1": [0.4666666666666666, 0.5666666666666667, 0.0], "confusion": [[3, 2, 0], [0, 4, 1], [3, 2, 0]]}, "vader": {"accuracy": 0.8, "precision": [0.8, 0.5, 0.8], "recall": [0.8, 0.6, 1.0], "f1": [0.8, 0.5333333333333333, 0.8666666666666666], "confusion": [[4, 1, 0], [0, 3, 2], [0, 0, 5]]}, "openai": {"accuracy": 1.0, "precision": [1.0, 1.0, 1.0], "recall": [1.0, 1.0, 1.0], "f1": [1.0, 1.0, 1.0], "confusion": [[5, 0, 0], [0, 5, 0], [0, 0, 5]]}}}}}